{
  "fragments/mostwickets.fragment.xml": 1707572615317,
  "controller/PointsTable.controller.js": 1707572615313,
  "manifest.json": 1707573378986,
  "model/models.js": 1707572615317,
  "model/stats.json": 1707572615317,
  "controller/App.controller.js": 1707572615313,
  "Component.js": 1707572615313,
  "Component-preload.js": 1707573379141,
  "controller/App-dbg.controller.js": 1707572615313,
  "controller/PointsTable-dbg.controller.js": 1707572615313,
  "model/models-dbg.js": 1707572615317,
  "Component-dbg.js": 1707572615313,
  "view/PointsTable.view.xml": 1707572615317,
  "view/App.view.xml": 1707572615317,
  "fragments/stats.fragment.xml": 1707572615317,
  "fragments/squads.fragment.xml": 1707572615317,
  "fragments/pointsTable.fragment.xml": 1707572615317,
  "i18n/i18n.properties": 1707572615317,
  "fragments/mostruns.fragment.xml": 1707572615317,
  "fragments/mostHundreds.fragment.xml": 1707572615317,
  "fragments/mostFifties.fragment.xml": 1707572615317,
  "fragments/highestScore.fragment.xml": 1707572615317,
  "fragments/bowlingstats.fragment.xml": 1707572615313,
  "fragments/besteconomy.fragment.xml": 1707572615313,
  "fragments/bestbowling.fragment.xml": 1707572615313,
  "fragments/Results.fragment.xml": 1707572615313,
  "css/style.css": 1707572615313,
  "index.html": 1707572615317
}