<core:FragmentDefinition xmlns:core="sap.ui.core"
    xmlns="sap.m">
    <Table items="{path:'/TeamsData',
                                       sorter:{ path:'Points' ,descending :true}}" headerText="{i18n>pointsTable}">
        <columns>
            <Column width="12em">
                <header>
                    <Text text="{i18n>Team}" />
                </header>
            </Column>
            <Column width="10em" minScreenWidth="phone" demandPopin="false">
                <header>
                    <Text text="{i18n>MatchesPlayed}" />
                </header>
            </Column>
            <Column width="10em" demandPopin="false">
                <header>
                    <Text text="{i18n>Won}" />
                </header>
            </Column>
            <Column width="10em" minScreenWidth="Tablet" demandPopin="true">
                <header>
                    <Text text="{i18n>Lost}" />
                </header>
            </Column>
            <Column width="10em" minScreenWidth="Tablet" demandPopin="false">
                <header>
                    <Text text="{i18n>NoResult}" />
                </header>
            </Column>
            <Column width="5em" minScreenWidth="Tablet" demandPopin="true">
                <header>
                    <Text text="{i18n>Points}" />
                </header>
            </Column>
            <Column width="5em"></Column>
        </columns>
        <items>
            <ColumnListItem vAlign="Middle">
                <cells>
                    <ObjectIdentifier title="{Name}" />
                    <Text text="{MatchesPlayed}" />
                    <Text text="{MatchesWon}" />
                    <Text text="{MatchesLost}" />
                    <Text text="{MatchesTied}" />
                    <ObjectIdentifier title="{Points}" />
                    <Button icon="sap-icon://dropdown" type="Transparent" press="onNavToResultPage"></Button>
                </cells>
            </ColumnListItem>
        </items>
    </Table>
</core:FragmentDefinition>