{
  "manifest.json": 1699870602399,
  "controller/App.controller.js": 1699709884064,
  "i18n/i18n.properties": 1699709884064,
  "model/models.js": 1699709884064,
  "controller/PointsTable.controller.js": 1699770895593,
  "model/stats.json": 1699709884064,
  "Component.js": 1699709884064,
  "Component-preload.js": 1699870602946,
  "controller/PointsTable-dbg.controller.js": 1699770895593,
  "model/models-dbg.js": 1699709884064,
  "controller/App-dbg.controller.js": 1699709884064,
  "Component-dbg.js": 1699709884064,
  "view/PointsTable.view.xml": 1699709884064,
  "view/App.view.xml": 1699709884064,
  "fragments/stats.fragment.xml": 1699709884064,
  "fragments/squads.fragment.xml": 1699709884064,
  "fragments/pointsTable.fragment.xml": 1699709884064,
  "fragments/mostwickets.fragment.xml": 1699709884064,
  "fragments/mostruns.fragment.xml": 1699709884064,
  "fragments/mostHundreds.fragment.xml": 1699709884064,
  "fragments/mostFifties.fragment.xml": 1699709884064,
  "fragments/highestScore.fragment.xml": 1699709884064,
  "fragments/bowlingstats.fragment.xml": 1699709884064,
  "fragments/besteconomy.fragment.xml": 1699709884064,
  "fragments/bestbowling.fragment.xml": 1699709884064,
  "fragments/Results.fragment.xml": 1699709884064,
  "css/style.css": 1699709884064,
  "index.html": 1699709884064
}