{
  "Component.js": 1697873744645,
  "i18n/i18n.properties": 1697891075720,
  "model/models.js": 1697873744653,
  "controller/PointsTable.controller.js": 1697890491479,
  "controller/App.controller.js": 1697873744657,
  "manifest.json": 1697954533191,
  "Component-preload.js": 1697954533485,
  "model/models-dbg.js": 1697873744653,
  "controller/PointsTable-dbg.controller.js": 1697890491479,
  "controller/App-dbg.controller.js": 1697873744657,
  "Component-dbg.js": 1697873744645,
  "view/Results.fragment.xml": 1697901403467,
  "view/PointsTable.view.xml": 1697891068844,
  "view/App.view.xml": 1697873744661,
  "css/style.css": 1697873744661,
  "index.html": 1697873744649
}