<core:FragmentDefinition xmlns:core="sap.ui.core"
    xmlns="sap.m">
    <Dialog id="_IDBestBowling" contentHeight="45%" contentWidth="45%" title="{i18n>BestBowling}">
        <content>
            <List id="_IDBestBowlingList" items="{path : '/BowlingStats',
        sorter: {
            path : 'BestBowling',descending:true
        }}">
                <ObjectListItem title="{Player}" type="Active" number="{
				                                                  parts:[{path:'BestBowling'}] }">
                    <ObjectAttribute text="{i18n>TotalWickets}{Wickets}" />
                    <ObjectAttribute text="{Country}" />
                </ObjectListItem>
            </List>
        </content>
        <beginButton>
            <Button text="{i18n>OK}" press="onCloseBestBowling"></Button>
        </beginButton>
    </Dialog>
</core:FragmentDefinition>