<core:FragmentDefinition xmlns:core="sap.ui.core"
    xmlns="sap.m">
    <Dialog id="_IDMostWickets" contentHeight="45%" contentWidth="45%" title="{i18n>MostWickets}">
        <content>
            <List items="{path : '/BowlingStats',
        sorter: {
            path : 'Wickets',descending: true
        }}" >
                <ObjectListItem title="{Player}" type="Active" number="{
				                                                  parts:[{path:'Wickets'}] }">
                    <ObjectAttribute text="{Country}" />
                </ObjectListItem>
            </List>
        </content>
    <beginButton>
        <Button text="{i18n>OK}" press="onCloseMostWickets"></Button>
    </beginButton>
    </Dialog>
</core:FragmentDefinition>