<core:FragmentDefinition xmlns:core="sap.ui.core"
    xmlns="sap.m">
    <Dialog id="_IDBestEconomy" contentHeight="45%" contentWidth="45%" title="{i18n>BestEconomy}">
        <content>
            <List items="{path : '/BowlingStats',
        sorter: {
            path : 'Economy'
        }}" >
                <ObjectListItem title="{Player}" type="Active" number="{
				                                                  parts:[{path:'Economy'}] }">
                    <ObjectAttribute text="{i18n>TotalWickets}{Wickets}" />
                    <ObjectAttribute text="{Country}" />
                </ObjectListItem>
            </List>
        </content>
    <beginButton>
        <Button text="{i18n>OK}" press="onCloseBestEconomy"></Button>
    </beginButton>
    </Dialog>
</core:FragmentDefinition>