<core:FragmentDefinition xmlns:core="sap.ui.core"
    xmlns="sap.m">
    <Dialog id="_IDHighestScore" contentHeight="45%" contentWidth="45%" title="{i18n>HighestScore}">
        <content>
            <List items="{path : '/BattingStats',
        sorter: {
            path : 'HighestScore',descending: true
        }}" >
                <ObjectListItem title="{Player}" type="Active" number="{
				                                                  parts:[{path:'HighestScore'}] }">
                    <ObjectAttribute text="{i18n>TotalRunsScored}{Runs}" />
                    <ObjectAttribute text="{Country}" />
                </ObjectListItem>
            </List>
        </content>
    <beginButton>
        <Button text="{i18n>OK}" press="onCloseHighestScore"></Button>
    </beginButton>
    </Dialog>
</core:FragmentDefinition>