<core:FragmentDefinition xmlns:core="sap.ui.core"
    xmlns="sap.m">
    <Dialog id="_IDMostHundreds" contentHeight="45%" contentWidth="45%" title="{i18n>MostHundred}">
        <content>
            <List items="{path : '/BattingStats',
        sorter: {
            path : 'Hundreds',descending : true
        }}">
                <ObjectListItem title="{Player}" type="Active" number="{
				                                        parts:[{path:'Hundreds'}] }">
                    <ObjectAttribute text="{i18n>TotalRunsScored}{Runs}" />
                    <ObjectAttribute text="{Country}" />
                </ObjectListItem>
            </List>
        </content>
        <beginButton>
            <Button text="{i18n>OK}" press="onCloseMostHundreds"></Button>
        </beginButton>
    </Dialog>
</core:FragmentDefinition>