<core:FragmentDefinition xmlns:core="sap.ui.core"
    xmlns="sap.m">
    <Dialog id="_IDMostFifties" contentHeight="45%" contentWidth="45%" title="{i18n>MostFifties}">
        <content>
            <List items="{path : '/BattingStats',
        sorter: {
            path : 'Fifties',descending : true
        }}">
                <ObjectListItem title="{Player}" type="Active" number="{
				                                                    parts:[{path:'Fifties'}] }">
                    <ObjectAttribute text="{i18n>TotalRunsScored}{Runs}" />
                    <ObjectAttribute text="{Country}" />
                </ObjectListItem>
            </List>
        </content>
        <beginButton>
            <Button text="{i18n>OK}" press="onCloseMostFifties"></Button>
        </beginButton>
    </Dialog>
</core:FragmentDefinition>